{
  "parent": "item/generated",
  "textures": {
    "layer0": "item/stick"
  },
  "overrides": [
    {
      "model": "item/stafforiginal_1",
      "predicate": {
        "custom_model_data": 1924176815
      }
    },
    {
      "model": "item/stafforiginal_10",
      "predicate": {
        "custom_model_data": 422474049
      }
    },
    {
      "model": "item/stafforiginal_11",
      "predicate": {
        "custom_model_data": 1192205236
      }
    },
    {
      "model": "item/stafforiginal_12",
      "predicate": {
        "custom_model_data": 69164618
      }
    },
    {
      "model": "item/stafforiginal_13",
      "predicate": {
        "custom_model_data": 907265131
      }
    },
    {
      "model": "item/stafforiginal_14",
      "predicate": {
        "custom_model_data": 1962541029
      }
    },
    {
      "model": "item/stafforiginal_15",
      "predicate": {
        "custom_model_data": 753140569
      }
    },
    {
      "model": "item/stafforiginal_16",
      "predicate": {
        "custom_model_data": 73606370
      }
    },
    {
      "model": "item/stafforiginal_17",
      "predicate": {
        "custom_model_data": 548823952
      }
    },
    {
      "model": "item/stafforiginal_18",
      "predicate": {
        "custom_model_data": 1983112221
      }
    },
    {
      "model": "item/stafforiginal_19",
      "predicate": {
        "custom_model_data": 942374474
      }
    },
    {
      "model": "item/stafforiginal_2",
      "predicate": {
        "custom_model_data": 84491783
      }
    },
    {
      "model": "item/stafforiginal_20",
      "predicate": {
        "custom_model_data": 820875290
      }
    },
    {
      "model": "item/stafforiginal_21",
      "predicate": {
        "custom_model_data": 648196278
      }
    },
    {
      "model": "item/stafforiginal_22",
      "predicate": {
        "custom_model_data": 1706276365
      }
    },
    {
      "model": "item/stafforiginal_23",
      "predicate": {
        "custom_model_data": 811321624
      }
    },
    {
      "model": "item/stafforiginal_24",
      "predicate": {
        "custom_model_data": 1071150667
      }
    },
    {
      "model": "item/stafforiginal_25",
      "predicate": {
        "custom_model_data": 521375475
      }
    },
    {
      "model": "item/stafforiginal_26",
      "predicate": {
        "custom_model_data": 534642749
      }
    },
    {
      "model": "item/stafforiginal_27",
      "predicate": {
        "custom_model_data": 938224867
      }
    },
    {
      "model": "item/stafforiginal_28",
      "predicate": {
        "custom_model_data": 803591154
      }
    },
    {
      "model": "item/stafforiginal_29",
      "predicate": {
        "custom_model_data": 1842240084
      }
    },
    {
      "model": "item/stafforiginal_3",
      "predicate": {
        "custom_model_data": 1419104635
      }
    },
    {
      "model": "item/stafforiginal_30",
      "predicate": {
        "custom_model_data": 1452674778
      }
    },
    {
      "model": "item/stafforiginal_4",
      "predicate": {
        "custom_model_data": 501957300
      }
    },
    {
      "model": "item/stafforiginal_5",
      "predicate": {
        "custom_model_data": 592342603
      }
    },
    {
      "model": "item/stafforiginal_6",
      "predicate": {
        "custom_model_data": 1981415146
      }
    },
    {
      "model": "item/stafforiginal_7",
      "predicate": {
        "custom_model_data": 1099226459
      }
    },
    {
      "model": "item/stafforiginal_8",
      "predicate": {
        "custom_model_data": 545260407
      }
    },
    {
      "model": "item/stafforiginal_9",
      "predicate": {
        "custom_model_data": 1729520879
      }
    }
  ]
}